               epoch,      train/box_loss,      train/obj_loss,      train/cls_loss,   metrics/precision,      metrics/recall,     metrics/mAP_0.5,metrics/mAP_0.5:0.95,        val/box_loss,        val/obj_loss,        val/cls_loss,               x/lr0,               x/lr1,               x/lr2
                   0,             0.09934,             0.03886,                   0,           0.0059247,             0.58381,           0.0047751,           0.0017368,            0.089004,            0.027395,                   0,              0.0838,              0.0018,              0.0018
                   1,            0.091483,            0.043703,                   0,           0.0057461,             0.56621,           0.0047046,            0.001621,            0.087674,             0.02777,                   0,            0.066682,           0.0036817,           0.0036817
                   2,            0.090687,             0.04243,                   0,           0.0058588,             0.57731,           0.0049037,           0.0016976,            0.087186,            0.027971,                   0,            0.049545,           0.0055446,           0.0055446
                   3,            0.089353,            0.043946,                   0,           0.0057901,             0.57054,           0.0050457,            0.001699,            0.087602,            0.027825,                   0,            0.032389,           0.0073886,           0.0073886
                   4,             0.08785,            0.044002,                   0,           0.0058752,             0.57893,            0.011625,           0.0029141,            0.086394,            0.028074,                   0,            0.015214,           0.0092139,           0.0092139
                   5,            0.084824,              0.0415,                   0,             0.13643,             0.28595,            0.096124,            0.023988,            0.081424,            0.028259,                   0,           0.0097525,           0.0097525,           0.0097525
                   6,            0.080001,            0.042305,                   0,             0.22856,             0.30653,             0.13657,            0.037215,            0.078654,            0.029657,                   0,           0.0097525,           0.0097525,           0.0097525
                   7,            0.075797,            0.041296,                   0,              0.2492,             0.29299,             0.16259,            0.046643,            0.076328,            0.052988,                   0,            0.009703,            0.009703,            0.009703
                   8,            0.072764,            0.039908,                   0,             0.12171,             0.32115,            0.082084,             0.02318,            0.086058,             0.11207,                   0,           0.0096535,           0.0096535,           0.0096535
                   9,            0.069973,            0.040728,                   0,              0.2353,             0.34931,             0.16852,            0.051547,            0.072438,            0.047797,                   0,            0.009604,            0.009604,            0.009604
                  10,             0.06688,            0.038702,                   0,             0.28085,             0.37646,             0.24275,            0.073402,            0.068936,            0.038269,                   0,           0.0095545,           0.0095545,           0.0095545
                  11,            0.067294,            0.039415,                   0,             0.44199,             0.39057,             0.33466,             0.10877,             0.06673,            0.035032,                   0,            0.009505,            0.009505,            0.009505
                  12,            0.064224,            0.038387,                   0,             0.46463,             0.41619,             0.35768,             0.11539,            0.066311,            0.029409,                   0,           0.0094555,           0.0094555,           0.0094555
                  13,            0.063974,            0.038499,                   0,             0.39805,              0.4319,             0.30555,            0.090791,            0.063768,            0.029446,                   0,            0.009406,            0.009406,            0.009406
                  14,            0.061249,            0.036877,                   0,             0.58216,             0.45816,             0.47075,             0.17228,            0.061234,            0.024966,                   0,           0.0093565,           0.0093565,           0.0093565
                  15,            0.060985,            0.039032,                   0,             0.47907,             0.45491,             0.36884,             0.11879,            0.061715,            0.027079,                   0,            0.009307,            0.009307,            0.009307
                  16,            0.060285,            0.038408,                   0,             0.41729,             0.42486,             0.30625,            0.094775,            0.061536,            0.028111,                   0,           0.0092575,           0.0092575,           0.0092575
                  17,            0.059987,            0.037454,                   0,             0.58063,             0.48281,             0.48203,             0.16273,            0.059409,            0.023444,                   0,            0.009208,            0.009208,            0.009208
                  18,            0.059133,            0.037652,                   0,             0.59241,             0.50772,             0.50263,             0.18858,            0.058751,            0.025167,                   0,           0.0091585,           0.0091585,           0.0091585
                  19,            0.058597,            0.037572,                   0,             0.58799,             0.49959,             0.50399,             0.18822,            0.057457,            0.026478,                   0,            0.009109,            0.009109,            0.009109
                  20,            0.057359,            0.035673,                   0,             0.61964,             0.51435,             0.53372,             0.20369,            0.057646,            0.023258,                   0,           0.0090595,           0.0090595,           0.0090595
                  21,            0.056304,            0.036559,                   0,             0.63085,              0.4541,             0.48625,             0.18979,            0.058732,            0.023456,                   0,             0.00901,             0.00901,             0.00901
                  22,            0.056949,            0.037412,                   0,              0.5961,             0.49986,             0.49013,             0.16781,            0.058924,             0.02327,                   0,           0.0089605,           0.0089605,           0.0089605
                  23,            0.056391,            0.036828,                   0,             0.64849,               0.531,             0.55944,              0.2141,            0.056042,            0.023527,                   0,            0.008911,            0.008911,            0.008911
                  24,            0.056444,            0.037851,                   0,             0.53881,             0.50582,             0.46569,              0.1538,            0.057962,             0.02441,                   0,           0.0088615,           0.0088615,           0.0088615
                  25,            0.054943,            0.035899,                   0,             0.63527,             0.53777,             0.55223,             0.21978,            0.055646,            0.023051,                   0,            0.008812,            0.008812,            0.008812
                  26,            0.054861,            0.036606,                   0,              0.6732,              0.5076,             0.54983,             0.22305,            0.056092,            0.023429,                   0,           0.0087625,           0.0087625,           0.0087625
                  27,            0.054921,            0.035845,                   0,             0.65751,             0.50934,             0.55583,              0.2104,            0.056189,            0.021667,                   0,            0.008713,            0.008713,            0.008713
                  28,            0.054336,            0.036905,                   0,             0.68266,             0.52965,             0.56863,             0.22516,            0.054942,            0.021887,                   0,           0.0086635,           0.0086635,           0.0086635
                  29,            0.054391,            0.036371,                   0,             0.66546,             0.52559,             0.57821,             0.24473,            0.054168,            0.023441,                   0,            0.008614,            0.008614,            0.008614
                  30,            0.053237,            0.035067,                   0,             0.70006,             0.54985,              0.6057,             0.25358,            0.052971,            0.021946,                   0,           0.0085645,           0.0085645,           0.0085645
                  31,             0.05315,            0.036492,                   0,             0.71162,             0.56485,             0.61755,             0.24907,            0.052555,            0.021512,                   0,            0.008515,            0.008515,            0.008515
                  32,            0.052982,            0.036179,                   0,             0.69401,             0.56431,              0.6115,             0.25115,            0.052699,            0.020884,                   0,           0.0084655,           0.0084655,           0.0084655
                  33,            0.052566,            0.035235,                   0,             0.69941,              0.5469,             0.61059,             0.25562,            0.054197,            0.020589,                   0,            0.008416,            0.008416,            0.008416
                  34,            0.052836,              0.0347,                   0,             0.69832,             0.55971,             0.61794,             0.26289,            0.052223,            0.021182,                   0,           0.0083665,           0.0083665,           0.0083665
                  35,            0.052469,            0.036201,                   0,             0.68136,             0.56106,             0.60785,             0.24739,            0.052764,            0.021524,                   0,            0.008317,            0.008317,            0.008317
                  36,            0.051955,            0.035494,                   0,             0.71417,             0.57704,             0.63077,             0.25622,             0.05167,            0.020883,                   0,           0.0082675,           0.0082675,           0.0082675
                  37,            0.051268,               0.035,                   0,             0.72102,             0.56891,             0.63277,             0.27023,            0.051593,             0.02081,                   0,            0.008218,            0.008218,            0.008218
                  38,            0.051471,            0.036237,                   0,             0.68113,             0.56025,             0.60381,             0.25825,            0.052057,             0.02159,                   0,           0.0081685,           0.0081685,           0.0081685
                  39,            0.051245,            0.035482,                   0,             0.69261,              0.5851,             0.63507,             0.27514,            0.051107,            0.021363,                   0,            0.008119,            0.008119,            0.008119
                  40,            0.050587,            0.034484,                   0,             0.66804,             0.56702,             0.59573,              0.2319,            0.052609,            0.021758,                   0,           0.0080695,           0.0080695,           0.0080695
                  41,            0.050716,            0.035696,                   0,             0.74121,             0.59383,             0.66228,             0.28305,            0.050876,            0.020101,                   0,             0.00802,             0.00802,             0.00802
                  42,            0.051204,            0.034838,                   0,             0.71158,             0.59031,             0.64313,              0.2681,            0.050813,             0.02082,                   0,           0.0079705,           0.0079705,           0.0079705
                  43,            0.050187,            0.034223,                   0,             0.72126,             0.60385,             0.66674,             0.28774,            0.049839,            0.020828,                   0,            0.007921,            0.007921,            0.007921
                  44,            0.050171,             0.03542,                   0,             0.71403,             0.60655,             0.66063,             0.28431,             0.05018,            0.020315,                   0,           0.0078715,           0.0078715,           0.0078715
                  45,            0.049484,            0.035002,                   0,             0.72919,             0.57568,             0.63782,             0.27797,            0.051251,             0.02074,                   0,            0.007822,            0.007822,            0.007822
                  46,            0.050228,             0.03467,                   0,             0.70863,              0.5922,             0.64599,             0.28508,            0.049988,            0.020868,                   0,           0.0077725,           0.0077725,           0.0077725
                  47,            0.049494,            0.033662,                   0,             0.74114,             0.59653,             0.66278,                0.29,            0.049872,            0.020623,                   0,            0.007723,            0.007723,            0.007723
                  48,            0.049129,            0.034389,                   0,              0.7202,              0.6117,             0.67187,             0.29033,            0.049581,             0.02093,                   0,           0.0076735,           0.0076735,           0.0076735
                  49,            0.049392,            0.035266,                   0,             0.71036,             0.60276,             0.65968,             0.27803,            0.050358,            0.021184,                   0,            0.007624,            0.007624,            0.007624
                  50,             0.04942,            0.035442,                   0,             0.71442,             0.62321,             0.66398,             0.28311,            0.049625,            0.020614,                   0,           0.0075745,           0.0075745,           0.0075745
                  51,            0.048781,            0.034144,                   0,              0.7545,             0.60167,             0.68105,             0.30526,            0.049067,            0.019921,                   0,            0.007525,            0.007525,            0.007525
                  52,            0.048289,            0.033728,                   0,             0.71316,              0.6163,             0.66615,             0.29933,             0.04899,             0.02048,                   0,           0.0074755,           0.0074755,           0.0074755
                  53,            0.048484,            0.034352,                   0,             0.74532,             0.62841,             0.69499,             0.31931,            0.047757,            0.020169,                   0,            0.007426,            0.007426,            0.007426
                  54,            0.048194,             0.03426,                   0,             0.75336,             0.61522,             0.68105,              0.3044,            0.048691,            0.021081,                   0,           0.0073765,           0.0073765,           0.0073765
                  55,            0.047856,            0.033823,                   0,              0.7556,             0.62794,             0.69248,             0.31285,            0.048476,            0.019958,                   0,            0.007327,            0.007327,            0.007327
                  56,            0.048143,            0.034356,                   0,             0.75591,             0.60926,             0.68486,             0.31299,            0.048532,            0.019828,                   0,           0.0072775,           0.0072775,           0.0072775
                  57,            0.047627,             0.03341,                   0,             0.74872,             0.62771,              0.6912,             0.30607,            0.048717,            0.019846,                   0,            0.007228,            0.007228,            0.007228
                  58,            0.047874,            0.034192,                   0,             0.75123,              0.6247,             0.68746,              0.3032,            0.048532,            0.019787,                   0,           0.0071785,           0.0071785,           0.0071785
                  59,            0.047243,            0.033027,                   0,             0.76518,             0.63444,             0.71384,             0.33359,            0.047488,            0.019476,                   0,            0.007129,            0.007129,            0.007129
                  60,            0.047734,            0.034309,                   0,             0.74021,             0.63575,             0.69289,             0.30828,            0.047839,            0.019836,                   0,           0.0070795,           0.0070795,           0.0070795
                  61,            0.047169,            0.033724,                   0,             0.77223,             0.62767,             0.70646,             0.32621,            0.047239,            0.019576,                   0,             0.00703,             0.00703,             0.00703
                  62,            0.047116,            0.034403,                   0,             0.74514,             0.62713,             0.68956,             0.31695,             0.04743,             0.02006,                   0,           0.0069805,           0.0069805,           0.0069805
                  63,            0.047402,            0.034405,                   0,             0.76083,             0.62849,             0.70049,             0.32576,            0.047691,            0.019912,                   0,            0.006931,            0.006931,            0.006931
                  64,            0.045947,            0.034032,                   0,             0.76869,             0.65511,             0.71644,             0.32899,            0.047203,            0.019478,                   0,           0.0068815,           0.0068815,           0.0068815
                  65,            0.046466,            0.033635,                   0,             0.76876,             0.62296,             0.70594,             0.32544,            0.047599,            0.019645,                   0,            0.006832,            0.006832,            0.006832
                  66,            0.046972,            0.033893,                   0,             0.73696,             0.64638,              0.6896,             0.30294,            0.047218,            0.020079,                   0,           0.0067825,           0.0067825,           0.0067825
                  67,            0.045917,            0.034123,                   0,             0.75046,             0.65665,             0.71132,             0.31867,            0.047001,            0.019691,                   0,            0.006733,            0.006733,            0.006733
                  68,            0.045892,            0.033133,                   0,             0.73445,              0.6293,             0.69216,             0.32095,            0.047538,            0.019657,                   0,           0.0066835,           0.0066835,           0.0066835
                  69,            0.046668,             0.03432,                   0,             0.77403,             0.64961,             0.72771,             0.33318,            0.046726,            0.019269,                   0,            0.006634,            0.006634,            0.006634
                  70,            0.046121,            0.033255,                   0,              0.7519,             0.60709,             0.68813,             0.30605,            0.049379,            0.019515,                   0,           0.0065845,           0.0065845,           0.0065845
                  71,            0.045923,            0.032364,                   0,             0.75454,             0.64771,             0.71284,             0.33202,            0.046894,            0.019497,                   0,            0.006535,            0.006535,            0.006535
                  72,            0.046225,            0.033656,                   0,             0.73952,             0.64988,              0.6999,             0.31687,            0.047797,            0.020389,                   0,           0.0064855,           0.0064855,           0.0064855
                  73,            0.045797,            0.033326,                   0,             0.76709,             0.64907,             0.72224,             0.32989,            0.047338,            0.019287,                   0,            0.006436,            0.006436,            0.006436
                  74,            0.046188,            0.033741,                   0,             0.72437,              0.6476,             0.69455,              0.3114,            0.046947,            0.019581,                   0,           0.0063865,           0.0063865,           0.0063865
                  75,            0.044756,            0.032157,                   0,             0.77609,             0.65881,             0.73514,             0.34023,             0.04633,            0.019377,                   0,            0.006337,            0.006337,            0.006337
                  76,            0.045543,            0.033057,                   0,             0.77083,              0.6645,              0.7354,             0.35138,            0.046008,            0.019299,                   0,           0.0062875,           0.0062875,           0.0062875
                  77,              0.0454,            0.032853,                   0,             0.76842,             0.65232,             0.71629,             0.31994,            0.047363,            0.019452,                   0,            0.006238,            0.006238,            0.006238
                  78,            0.045294,            0.033642,                   0,             0.76654,             0.66148,             0.72419,             0.33204,             0.04577,            0.019199,                   0,           0.0061885,           0.0061885,           0.0061885
                  79,            0.044969,            0.032937,                   0,             0.77666,             0.66196,             0.73408,             0.33761,            0.046041,            0.019377,                   0,            0.006139,            0.006139,            0.006139
                  80,             0.04461,             0.03178,                   0,             0.78835,             0.65659,             0.73644,             0.34742,            0.046455,             0.01906,                   0,           0.0060895,           0.0060895,           0.0060895
                  81,            0.044913,            0.033348,                   0,             0.77173,             0.64555,             0.72233,             0.33644,            0.046329,            0.019136,                   0,             0.00604,             0.00604,             0.00604
                  82,            0.044989,            0.032303,                   0,             0.73852,             0.67506,             0.72413,             0.33426,            0.046072,            0.019446,                   0,           0.0059905,           0.0059905,           0.0059905
                  83,            0.044662,            0.033445,                   0,             0.77555,             0.67648,             0.74032,             0.34724,            0.045541,            0.018997,                   0,            0.005941,            0.005941,            0.005941
                  84,            0.044121,            0.032653,                   0,             0.76198,             0.66661,             0.72913,             0.33862,            0.045834,            0.019057,                   0,           0.0058915,           0.0058915,           0.0058915
                  85,            0.044143,            0.032994,                   0,             0.76697,             0.66288,             0.72481,             0.34836,            0.046112,            0.019115,                   0,            0.005842,            0.005842,            0.005842
                  86,            0.043791,            0.032319,                   0,             0.76746,             0.67994,             0.74247,             0.35563,            0.045508,            0.018844,                   0,           0.0057925,           0.0057925,           0.0057925
                  87,            0.044145,            0.032417,                   0,             0.77712,             0.67127,              0.7338,             0.34993,            0.045119,            0.019021,                   0,            0.005743,            0.005743,            0.005743
                  88,            0.044247,             0.03243,                   0,             0.73974,             0.66883,              0.7106,             0.31421,            0.045898,            0.019426,                   0,           0.0056935,           0.0056935,           0.0056935
                  89,            0.043959,            0.032233,                   0,             0.78394,             0.66233,             0.73216,             0.35079,            0.045151,            0.019084,                   0,            0.005644,            0.005644,            0.005644
                  90,            0.044376,             0.03327,                   0,             0.77669,             0.67506,             0.73841,             0.35296,            0.045601,            0.019133,                   0,           0.0055945,           0.0055945,           0.0055945
                  91,            0.043566,            0.032323,                   0,             0.74999,             0.66531,             0.72217,              0.3174,            0.046648,            0.019211,                   0,            0.005545,            0.005545,            0.005545
                  92,             0.04335,            0.032002,                   0,             0.78139,             0.66883,             0.74723,              0.3637,            0.044875,            0.018797,                   0,           0.0054955,           0.0054955,           0.0054955
                  93,            0.043842,            0.031727,                   0,             0.77636,             0.66531,             0.73595,             0.34347,            0.046115,            0.019087,                   0,            0.005446,            0.005446,            0.005446
                  94,            0.043483,            0.032639,                   0,              0.7927,             0.67641,             0.75327,               0.364,            0.045011,            0.018697,                   0,           0.0053965,           0.0053965,           0.0053965
                  95,            0.043116,            0.032726,                   0,             0.78818,             0.67104,             0.75223,             0.35783,            0.044528,             0.01881,                   0,            0.005347,            0.005347,            0.005347
                  96,            0.043326,            0.031694,                   0,              0.7823,             0.68309,             0.74345,             0.35377,            0.045157,            0.018724,                   0,           0.0052975,           0.0052975,           0.0052975
                  97,            0.043639,            0.030706,                   0,             0.78762,             0.68481,             0.75703,             0.36081,            0.044852,            0.018758,                   0,            0.005248,            0.005248,            0.005248
                  98,            0.043153,            0.032271,                   0,              0.7762,             0.67712,             0.74183,             0.35531,            0.045272,             0.01877,                   0,           0.0051985,           0.0051985,           0.0051985
                  99,            0.043482,            0.032751,                   0,             0.77968,             0.69569,             0.75145,             0.34612,             0.04549,            0.018807,                   0,            0.005149,            0.005149,            0.005149
                 100,            0.043075,             0.03231,                   0,                 0.8,             0.67939,             0.75636,              0.3764,            0.044293,            0.018566,                   0,           0.0050995,           0.0050995,           0.0050995
                 101,             0.04216,            0.031659,                   0,             0.78902,             0.70431,             0.75853,             0.35774,            0.044295,            0.019047,                   0,             0.00505,             0.00505,             0.00505
                 102,            0.042944,            0.032453,                   0,             0.79136,             0.69835,             0.75239,             0.35504,            0.044368,            0.018529,                   0,           0.0050005,           0.0050005,           0.0050005
                 103,            0.043233,            0.032801,                   0,             0.80661,             0.69231,             0.76706,              0.3711,            0.044005,            0.018597,                   0,            0.004951,            0.004951,            0.004951
                 104,            0.042081,            0.031616,                   0,             0.79527,              0.6867,             0.75267,             0.37246,            0.044237,            0.018649,                   0,           0.0049015,           0.0049015,           0.0049015
                 105,            0.042396,            0.030888,                   0,             0.80063,             0.69997,             0.76285,             0.36931,            0.044156,            0.018605,                   0,            0.004852,            0.004852,            0.004852
                 106,            0.042389,            0.032298,                   0,             0.79159,             0.70512,             0.75749,             0.36829,            0.043451,            0.018672,                   0,           0.0048025,           0.0048025,           0.0048025
                 107,            0.041995,            0.030959,                   0,             0.81129,             0.69537,             0.77145,             0.37655,            0.043756,            0.018436,                   0,            0.004753,            0.004753,            0.004753
                 108,            0.042268,             0.03113,                   0,              0.8052,             0.69731,             0.76915,             0.38299,             0.04364,            0.018478,                   0,           0.0047035,           0.0047035,           0.0047035
                 109,            0.041832,            0.030999,                   0,             0.80784,             0.69783,             0.76844,             0.37719,            0.043836,            0.018353,                   0,            0.004654,            0.004654,            0.004654
                 110,            0.041957,            0.031998,                   0,             0.79995,             0.70597,             0.77417,             0.38227,            0.043499,            0.018348,                   0,           0.0046045,           0.0046045,           0.0046045
                 111,            0.041813,            0.031152,                   0,             0.78174,             0.70025,             0.75203,             0.35353,            0.044414,            0.018593,                   0,            0.004555,            0.004555,            0.004555
                 112,             0.04231,            0.031611,                   0,             0.79806,              0.6945,             0.76505,             0.36848,            0.044054,            0.018405,                   0,           0.0045055,           0.0045055,           0.0045055
                 113,            0.042164,            0.031036,                   0,             0.79996,             0.71903,             0.77668,              0.3813,            0.043112,            0.018221,                   0,            0.004456,            0.004456,            0.004456
                 114,            0.041587,            0.031422,                   0,             0.80797,             0.70187,             0.77278,             0.38551,            0.043393,            0.018304,                   0,           0.0044065,           0.0044065,           0.0044065
                 115,            0.041652,            0.031541,                   0,             0.79502,             0.70365,             0.76462,             0.37196,            0.043474,            0.018378,                   0,            0.004357,            0.004357,            0.004357
                 116,            0.041393,            0.031952,                   0,             0.81128,             0.70074,             0.76949,             0.37576,            0.043527,            0.018468,                   0,           0.0043075,           0.0043075,           0.0043075
                 117,            0.041491,            0.030741,                   0,             0.79992,              0.6997,             0.76856,             0.36718,            0.043477,             0.01844,                   0,            0.004258,            0.004258,            0.004258
                 118,            0.041146,            0.031027,                   0,             0.81607,             0.69921,             0.77202,             0.37786,             0.04373,            0.018368,                   0,           0.0042085,           0.0042085,           0.0042085
                 119,            0.040234,            0.031468,                   0,              0.8141,             0.71839,             0.78608,              0.3934,            0.042903,            0.018151,                   0,            0.004159,            0.004159,            0.004159
                 120,            0.041223,            0.031259,                   0,             0.80679,             0.71123,             0.77943,             0.38697,            0.043013,            0.018203,                   0,           0.0041095,           0.0041095,           0.0041095
                 121,            0.041284,            0.031224,                   0,               0.799,             0.69618,              0.7697,             0.36993,            0.043979,            0.018355,                   0,             0.00406,             0.00406,             0.00406
                 122,            0.040982,            0.031209,                   0,             0.81023,             0.72678,             0.78645,             0.38882,            0.042604,            0.018063,                   0,           0.0040105,           0.0040105,           0.0040105
                 123,             0.04051,             0.03121,                   0,             0.81397,              0.7303,             0.79577,             0.39653,            0.042526,            0.017935,                   0,            0.003961,            0.003961,            0.003961
                 124,            0.040646,            0.031571,                   0,             0.79136,             0.72055,             0.77949,              0.3802,            0.043207,            0.018086,                   0,           0.0039115,           0.0039115,           0.0039115
                 125,            0.040886,            0.031272,                   0,             0.80719,             0.72325,             0.78529,             0.39793,            0.042346,            0.018228,                   0,            0.003862,            0.003862,            0.003862
                 126,            0.040848,            0.030664,                   0,             0.81826,             0.71595,             0.78495,             0.38506,            0.042968,            0.018066,                   0,           0.0038125,           0.0038125,           0.0038125
                 127,            0.040288,             0.03113,                   0,             0.79332,             0.71196,             0.77214,             0.37846,            0.043253,            0.018135,                   0,            0.003763,            0.003763,            0.003763
                 128,            0.039684,            0.030407,                   0,             0.80363,             0.72164,              0.7859,             0.39132,            0.042832,            0.018405,                   0,           0.0037135,           0.0037135,           0.0037135
                 129,            0.040238,            0.030968,                   0,             0.80623,             0.71881,             0.78129,             0.38965,            0.042499,            0.018299,                   0,            0.003664,            0.003664,            0.003664
                 130,            0.040019,            0.030746,                   0,              0.8287,             0.72312,             0.79123,             0.39766,            0.042376,            0.018098,                   0,           0.0036145,           0.0036145,           0.0036145
                 131,            0.040171,            0.030615,                   0,             0.81708,             0.72333,             0.79455,             0.39973,            0.042452,            0.017885,                   0,            0.003565,            0.003565,            0.003565
                 132,             0.04008,            0.030804,                   0,             0.80806,             0.71432,             0.78333,             0.39129,            0.043111,            0.018171,                   0,           0.0035155,           0.0035155,           0.0035155
                 133,            0.039678,            0.031109,                   0,              0.8256,             0.72705,             0.79866,             0.40459,            0.042187,            0.017922,                   0,            0.003466,            0.003466,            0.003466
                 134,            0.039503,            0.030456,                   0,             0.82787,             0.72868,             0.79383,             0.40074,            0.042471,            0.017783,                   0,           0.0034165,           0.0034165,           0.0034165
                 135,            0.039722,            0.030946,                   0,             0.81773,             0.73252,             0.79351,             0.39971,            0.042122,            0.017922,                   0,            0.003367,            0.003367,            0.003367
                 136,            0.039528,            0.030323,                   0,             0.81726,             0.72784,             0.79536,             0.40591,            0.041973,            0.017751,                   0,           0.0033175,           0.0033175,           0.0033175
                 137,            0.039049,            0.030032,                   0,             0.81981,             0.73545,             0.79978,             0.40818,            0.041941,            0.017652,                   0,            0.003268,            0.003268,            0.003268
                 138,            0.039713,            0.030825,                   0,             0.81486,             0.72344,             0.78148,             0.37652,            0.042741,            0.017855,                   0,           0.0032185,           0.0032185,           0.0032185
                 139,            0.039036,            0.029311,                   0,             0.81665,             0.72845,              0.7969,             0.40694,            0.041805,            0.017767,                   0,            0.003169,            0.003169,            0.003169
                 140,            0.039504,            0.029539,                   0,             0.80558,             0.73301,             0.78941,             0.39755,            0.042196,            0.017856,                   0,           0.0031195,           0.0031195,           0.0031195
                 141,            0.039506,            0.030399,                   0,              0.8296,             0.72904,             0.79876,             0.40393,            0.041857,            0.017653,                   0,             0.00307,             0.00307,             0.00307
                 142,            0.038977,            0.029534,                   0,              0.8195,             0.73084,             0.80063,             0.42012,            0.041428,            0.017698,                   0,           0.0030205,           0.0030205,           0.0030205
                 143,            0.039562,            0.030233,                   0,             0.82421,             0.73512,             0.79908,             0.41154,            0.041713,            0.017795,                   0,            0.002971,            0.002971,            0.002971
                 144,            0.039293,            0.029978,                   0,              0.8143,             0.74059,             0.79222,             0.39903,            0.041191,            0.017727,                   0,           0.0029215,           0.0029215,           0.0029215
                 145,            0.038296,            0.030027,                   0,               0.817,             0.74357,             0.80205,              0.4069,            0.041407,            0.017659,                   0,            0.002872,            0.002872,            0.002872
                 146,            0.039436,            0.030169,                   0,              0.8258,             0.73297,             0.80253,             0.40669,            0.041628,            0.017607,                   0,           0.0028225,           0.0028225,           0.0028225
                 147,            0.039268,             0.02917,                   0,             0.83111,             0.72353,             0.79653,             0.40397,            0.041774,             0.01772,                   0,            0.002773,            0.002773,            0.002773
                 148,            0.039319,            0.030632,                   0,             0.81111,             0.74249,             0.79766,              0.4078,            0.041405,            0.017763,                   0,           0.0027235,           0.0027235,           0.0027235
                 149,            0.038863,            0.029844,                   0,             0.81522,             0.72895,             0.79378,             0.40197,            0.041908,            0.017963,                   0,            0.002674,            0.002674,            0.002674
                 150,            0.038817,            0.029495,                   0,             0.82111,             0.74763,             0.81103,             0.42323,             0.04111,            0.017551,                   0,           0.0026245,           0.0026245,           0.0026245
                 151,              0.0382,             0.02949,                   0,             0.82688,             0.74249,             0.80862,             0.41546,            0.041162,            0.017565,                   0,            0.002575,            0.002575,            0.002575
                 152,            0.038497,            0.029941,                   0,             0.80889,             0.73545,             0.78975,             0.38843,            0.042187,            0.017886,                   0,           0.0025255,           0.0025255,           0.0025255
                 153,            0.038494,            0.029669,                   0,             0.82276,             0.74411,              0.8058,             0.41138,            0.041321,            0.017588,                   0,            0.002476,            0.002476,            0.002476
                 154,            0.038605,            0.030595,                   0,             0.83005,             0.74059,             0.80496,             0.41121,            0.041425,            0.017578,                   0,           0.0024265,           0.0024265,           0.0024265
                 155,            0.038234,            0.030408,                   0,             0.84199,             0.74886,             0.81238,             0.41992,            0.041012,            0.017384,                   0,            0.002377,            0.002377,            0.002377
                 156,            0.037838,              0.0295,                   0,             0.83122,             0.73881,             0.80874,             0.42355,            0.041111,            0.017532,                   0,           0.0023275,           0.0023275,           0.0023275
                 157,             0.03821,            0.029965,                   0,             0.82767,             0.74926,             0.80922,             0.41647,            0.041293,            0.017531,                   0,            0.002278,            0.002278,            0.002278
                 158,             0.03787,             0.02923,                   0,             0.82152,             0.74574,             0.80605,             0.41579,             0.04141,            0.017576,                   0,           0.0022285,           0.0022285,           0.0022285
                 159,            0.038261,            0.028937,                   0,             0.83009,             0.75846,             0.81436,             0.41585,            0.040813,            0.017347,                   0,            0.002179,            0.002179,            0.002179
                 160,            0.037953,             0.02978,                   0,             0.83369,              0.7525,             0.81366,             0.42277,            0.040738,            0.017329,                   0,           0.0021295,           0.0021295,           0.0021295
                 161,            0.038271,             0.02812,                   0,             0.83865,             0.73382,             0.81088,             0.42513,            0.040951,            0.017477,                   0,             0.00208,             0.00208,             0.00208
                 162,            0.037924,            0.029595,                   0,             0.83546,             0.75007,             0.81555,             0.42491,            0.040753,            0.017348,                   0,           0.0020305,           0.0020305,           0.0020305
                 163,            0.037857,            0.028576,                   0,             0.84588,             0.74906,             0.81772,             0.42753,            0.040527,            0.017268,                   0,            0.001981,            0.001981,            0.001981
                 164,            0.037898,            0.028325,                   0,             0.82686,             0.75007,             0.81595,             0.42532,            0.040793,            0.017289,                   0,           0.0019315,           0.0019315,           0.0019315
                 165,            0.037554,            0.028353,                   0,             0.81776,             0.74763,             0.80562,             0.41686,            0.040786,            0.017413,                   0,            0.001882,            0.001882,            0.001882
                 166,            0.036938,            0.028449,                   0,             0.83794,             0.75007,             0.81644,             0.42329,            0.040884,            0.017353,                   0,           0.0018325,           0.0018325,           0.0018325
                 167,            0.037804,            0.028614,                   0,              0.8291,             0.74817,             0.81574,             0.42678,            0.040875,            0.017396,                   0,            0.001783,            0.001783,            0.001783
                 168,            0.037627,            0.029081,                   0,             0.83362,             0.75575,             0.81747,             0.42563,            0.040787,            0.017324,                   0,           0.0017335,           0.0017335,           0.0017335
                 169,            0.037257,            0.030144,                   0,             0.83795,             0.76312,             0.82594,             0.43788,            0.040128,            0.017156,                   0,            0.001684,            0.001684,            0.001684
                 170,            0.037396,            0.029418,                   0,               0.827,             0.75169,             0.81691,             0.41796,            0.040766,             0.01735,                   0,           0.0016345,           0.0016345,           0.0016345
                 171,            0.037269,              0.0295,                   0,             0.83859,             0.76686,             0.81932,             0.42391,            0.040702,            0.017287,                   0,            0.001585,            0.001585,            0.001585
                 172,            0.037675,            0.028404,                   0,             0.84335,             0.73626,             0.81412,             0.42489,            0.040658,            0.017382,                   0,           0.0015355,           0.0015355,           0.0015355
                 173,            0.037647,             0.02947,                   0,             0.85321,             0.74844,             0.82632,             0.43753,            0.040367,            0.017162,                   0,            0.001486,            0.001486,            0.001486
                 174,            0.036977,            0.029346,                   0,             0.86117,             0.74303,             0.81836,             0.42728,            0.040876,            0.017257,                   0,           0.0014365,           0.0014365,           0.0014365
                 175,            0.037292,            0.028266,                   0,             0.84313,             0.75242,             0.81887,             0.43283,            0.040355,            0.017193,                   0,            0.001387,            0.001387,            0.001387
                 176,            0.037157,             0.02986,                   0,             0.85097,             0.76036,             0.82554,             0.43042,            0.040429,            0.017139,                   0,           0.0013375,           0.0013375,           0.0013375
                 177,            0.036988,             0.02856,                   0,             0.83842,             0.76523,             0.82615,             0.43438,            0.040232,            0.017147,                   0,            0.001288,            0.001288,            0.001288
                 178,            0.036861,            0.028017,                   0,             0.84798,             0.75684,             0.82514,             0.43782,             0.04014,            0.017098,                   0,           0.0012385,           0.0012385,           0.0012385
                 179,            0.036514,            0.028482,                   0,             0.83358,             0.76686,             0.81801,             0.42741,            0.040137,            0.017154,                   0,            0.001189,            0.001189,            0.001189
                 180,            0.036397,            0.028737,                   0,              0.8584,             0.75512,             0.82768,             0.44113,            0.040159,            0.017048,                   0,           0.0011395,           0.0011395,           0.0011395
                 181,            0.036592,            0.029092,                   0,             0.84342,             0.75873,              0.8232,             0.43632,            0.039952,            0.017089,                   0,             0.00109,             0.00109,             0.00109
                 182,            0.036497,            0.028153,                   0,             0.84622,             0.75842,             0.82311,             0.43336,            0.040182,            0.017107,                   0,           0.0010405,           0.0010405,           0.0010405
                 183,            0.036836,            0.028908,                   0,             0.82959,             0.76902,             0.81962,             0.42817,             0.04026,            0.017086,                   0,            0.000991,            0.000991,            0.000991
                 184,            0.036417,            0.028358,                   0,             0.85202,             0.75738,             0.82782,              0.4385,            0.039784,             0.01707,                   0,           0.0009415,           0.0009415,           0.0009415
                 185,            0.037013,            0.028859,                   0,             0.84412,             0.75516,             0.82196,             0.42794,            0.040269,            0.017266,                   0,            0.000892,            0.000892,            0.000892
                 186,            0.036378,             0.02829,                   0,             0.85599,             0.75487,             0.82716,             0.44116,            0.039906,            0.017078,                   0,           0.0008425,           0.0008425,           0.0008425
                 187,            0.036295,            0.027451,                   0,             0.84075,             0.76053,             0.82627,             0.43326,            0.040032,            0.017065,                   0,            0.000793,            0.000793,            0.000793
                 188,             0.03576,            0.028124,                   0,             0.84432,             0.77281,             0.83144,             0.44598,             0.03957,            0.016958,                   0,           0.0007435,           0.0007435,           0.0007435
                 189,            0.036973,            0.028401,                   0,             0.85447,             0.75955,             0.83012,             0.44007,            0.039621,            0.016954,                   0,            0.000694,            0.000694,            0.000694
                 190,            0.036141,            0.028169,                   0,             0.82514,             0.77011,             0.82323,             0.42548,            0.040233,            0.017118,                   0,           0.0006445,           0.0006445,           0.0006445
                 191,            0.036543,             0.02841,                   0,             0.83794,             0.76584,             0.82707,              0.4372,            0.040026,             0.01703,                   0,            0.000595,            0.000595,            0.000595
                 192,            0.036025,            0.028462,                   0,             0.85822,             0.75955,             0.83134,             0.44459,            0.039721,             0.01698,                   0,           0.0005455,           0.0005455,           0.0005455
                 193,            0.036292,             0.02754,                   0,             0.85589,             0.76067,             0.82989,             0.44087,            0.039645,             0.01699,                   0,            0.000496,            0.000496,            0.000496
                 194,            0.035613,            0.028073,                   0,             0.86236,             0.75665,             0.83118,             0.44542,            0.039638,            0.016977,                   0,           0.0004465,           0.0004465,           0.0004465
                 195,            0.036533,            0.027871,                   0,             0.85388,             0.76198,               0.834,             0.43809,            0.039887,            0.017041,                   0,            0.000397,            0.000397,            0.000397
                 196,            0.035951,            0.028606,                   0,             0.86214,             0.75061,             0.82993,             0.43853,            0.039728,            0.017015,                   0,           0.0003475,           0.0003475,           0.0003475
                 197,            0.035762,            0.028776,                   0,             0.84752,             0.76848,             0.83213,             0.43971,            0.039686,            0.016978,                   0,            0.000298,            0.000298,            0.000298
                 198,            0.035508,            0.028084,                   0,             0.85658,             0.76011,             0.83083,             0.44041,            0.039551,            0.017023,                   0,           0.0002485,           0.0002485,           0.0002485
                 199,            0.035826,            0.027347,                   0,             0.85774,             0.76245,             0.83264,             0.44576,            0.039475,            0.016925,                   0,            0.000199,            0.000199,            0.000199
